ID,Run,Batch,Exp_Type,SampleNum,Plate,Row,Column,Experiment,Comm,Rep,Carbon,Conc,Transfer
S1_R2,R2,YaleYCGA_RQ5908,Rep1,1,1,A,1,T12-R4-2,X1,1,Citrate,0.07,12
S2_R2,R2,YaleYCGA_RQ5908,Rep1,2,1,A,2,T12-R4-2,X2,1,Citrate,0.07,12
S3_R2,R2,YaleYCGA_RQ5908,Rep1,3,1,A,3,T12-R4-2,X3,1,Citrate,0.07,12
S4_R2,R2,YaleYCGA_RQ5908,Rep1,4,1,A,4,T12-R4-2,X4,1,Citrate,0.07,12
S5_R2,R2,YaleYCGA_RQ5908,Rep1,5,1,A,5,T12-R4-2,X5,1,Citrate,0.07,12
S6_R2,R2,YaleYCGA_RQ5908,Rep1,6,1,A,6,T12-R4-2,X6,1,Citrate,0.07,12
S7_R2,R2,YaleYCGA_RQ5908,Rep1,7,1,A,7,T12-R4-2,X7,1,Citrate,0.07,12
S8_R2,R2,YaleYCGA_RQ5908,Rep1,8,1,A,8,T12-R4-2,X8,1,Citrate,0.07,12
S9_R2,R2,YaleYCGA_RQ5908,Rep1,9,1,A,9,T12-R4-2,X9,1,Citrate,0.07,12
S10_R2,R2,YaleYCGA_RQ5908,Rep1,10,1,A,10,T12-R4-2,X10,1,Citrate,0.07,12
S11_R2,R2,YaleYCGA_RQ5908,Rep1,11,1,A,11,T12-R4-2,X11,1,Citrate,0.07,12
S12_R2,R2,YaleYCGA_RQ5908,Rep1,12,1,A,12,T12-R4-2,X12,1,Citrate,0.07,12
S13_R2,R2,YaleYCGA_RQ5908,Rep1,13,1,B,1,T12-R4-2,X1,2,Citrate,0.07,12
S14_R2,R2,YaleYCGA_RQ5908,Rep1,14,1,B,2,T12-R4-2,X2,2,Citrate,0.07,12
S15_R2,R2,YaleYCGA_RQ5908,Rep1,15,1,B,3,T12-R4-2,X3,2,Citrate,0.07,12
S16_R2,R2,YaleYCGA_RQ5908,Rep1,16,1,B,4,T12-R4-2,X4,2,Citrate,0.07,12
S17_R2,R2,YaleYCGA_RQ5908,Rep1,17,1,B,5,T12-R4-2,X5,2,Citrate,0.07,12
S18_R2,R2,YaleYCGA_RQ5908,Rep1,18,1,B,6,T12-R4-2,X6,2,Citrate,0.07,12
S19_R2,R2,YaleYCGA_RQ5908,Rep1,19,1,B,7,T12-R4-2,X7,2,Citrate,0.07,12
S20_R2,R2,YaleYCGA_RQ5908,Rep1,20,1,B,8,T12-R4-2,X8,2,Citrate,0.07,12
S21_R2,R2,YaleYCGA_RQ5908,Rep1,21,1,B,9,T12-R4-2,X9,2,Citrate,0.07,12
S22_R2,R2,YaleYCGA_RQ5908,Rep1,22,1,B,10,T12-R4-2,X10,2,Citrate,0.07,12
S23_R2,R2,YaleYCGA_RQ5908,Rep1,23,1,B,11,T12-R4-2,X11,2,Citrate,0.07,12
S24_R2,R2,YaleYCGA_RQ5908,Rep1,24,1,B,12,T12-R4-2,X12,2,Citrate,0.07,12
S25_R2,R2,YaleYCGA_RQ5908,Rep1,25,1,C,1,T12-R4-2,X1,3,Citrate,0.07,12
S26_R2,R2,YaleYCGA_RQ5908,Rep1,26,1,C,2,T12-R4-2,X2,3,Citrate,0.07,12
S27_R2,R2,YaleYCGA_RQ5908,Rep1,27,1,C,3,T12-R4-2,X3,3,Citrate,0.07,12
S28_R2,R2,YaleYCGA_RQ5908,Rep1,28,1,C,4,T12-R4-2,X4,3,Citrate,0.07,12
S29_R2,R2,YaleYCGA_RQ5908,Rep1,29,1,C,5,T12-R4-2,X5,3,Citrate,0.07,12
S30_R2,R2,YaleYCGA_RQ5908,Rep1,30,1,C,6,T12-R4-2,X6,3,Citrate,0.07,12
S31_R2,R2,YaleYCGA_RQ5908,Rep1,31,1,C,7,T12-R4-2,X7,3,Citrate,0.07,12
S32_R2,R2,YaleYCGA_RQ5908,Rep1,32,1,C,8,T12-R4-2,X8,3,Citrate,0.07,12
S33_R2,R2,YaleYCGA_RQ5908,Rep1,33,1,C,9,T12-R4-2,X9,3,Citrate,0.07,12
S34_R2,R2,YaleYCGA_RQ5908,Rep1,34,1,C,10,T12-R4-2,X10,3,Citrate,0.07,12
S35_R2,R2,YaleYCGA_RQ5908,Rep1,35,1,C,11,T12-R4-2,X11,3,Citrate,0.07,12
S36_R2,R2,YaleYCGA_RQ5908,Rep1,36,1,C,12,T12-R4-2,X12,3,Citrate,0.07,12
S37_R2,R2,YaleYCGA_RQ5908,Rep1,37,1,D,1,T12-R4-2,X1,4,Citrate,0.07,12
S38_R2,R2,YaleYCGA_RQ5908,Rep1,38,1,D,2,T12-R4-2,X2,4,Citrate,0.07,12
S39_R2,R2,YaleYCGA_RQ5908,Rep1,39,1,D,3,T12-R4-2,X3,4,Citrate,0.07,12
S40_R2,R2,YaleYCGA_RQ5908,Rep1,40,1,D,4,T12-R4-2,X4,4,Citrate,0.07,12
S41_R2,R2,YaleYCGA_RQ5908,Rep1,41,1,D,5,T12-R4-2,X5,4,Citrate,0.07,12
S42_R2,R2,YaleYCGA_RQ5908,Rep1,42,1,D,6,T12-R4-2,X6,4,Citrate,0.07,12
S43_R2,R2,YaleYCGA_RQ5908,Rep1,43,1,D,7,T12-R4-2,X7,4,Citrate,0.07,12
S44_R2,R2,YaleYCGA_RQ5908,Rep1,44,1,D,8,T12-R4-2,X8,4,Citrate,0.07,12
S45_R2,R2,YaleYCGA_RQ5908,Rep1,45,1,D,9,T12-R4-2,X9,4,Citrate,0.07,12
S46_R2,R2,YaleYCGA_RQ5908,Rep1,46,1,D,10,T12-R4-2,X10,4,Citrate,0.07,12
S47_R2,R2,YaleYCGA_RQ5908,Rep1,47,1,D,11,T12-R4-2,X11,4,Citrate,0.07,12
S48_R2,R2,YaleYCGA_RQ5908,Rep1,48,1,D,12,T12-R4-2,X12,4,Citrate,0.07,12
S49_R2,R2,YaleYCGA_RQ5908,Rep1,49,1,E,1,T12-R4-2,X1,5,Citrate,0.07,12
S50_R2,R2,YaleYCGA_RQ5908,Rep1,50,1,E,2,T12-R4-2,X2,5,Citrate,0.07,12
S51_R2,R2,YaleYCGA_RQ5908,Rep1,51,1,E,3,T12-R4-2,X3,5,Citrate,0.07,12
S52_R2,R2,YaleYCGA_RQ5908,Rep1,52,1,E,4,T12-R4-2,X4,5,Citrate,0.07,12
S53_R2,R2,YaleYCGA_RQ5908,Rep1,53,1,E,5,T12-R4-2,X5,5,Citrate,0.07,12
S54_R2,R2,YaleYCGA_RQ5908,Rep1,54,1,E,6,T12-R4-2,X6,5,Citrate,0.07,12
S55_R2,R2,YaleYCGA_RQ5908,Rep1,55,1,E,7,T12-R4-2,X7,5,Citrate,0.07,12
S56_R2,R2,YaleYCGA_RQ5908,Rep1,56,1,E,8,T12-R4-2,X8,5,Citrate,0.07,12
S57_R2,R2,YaleYCGA_RQ5908,Rep1,57,1,E,9,T12-R4-2,X9,5,Citrate,0.07,12
S58_R2,R2,YaleYCGA_RQ5908,Rep1,58,1,E,10,T12-R4-2,X10,5,Citrate,0.07,12
S59_R2,R2,YaleYCGA_RQ5908,Rep1,59,1,E,11,T12-R4-2,X11,5,Citrate,0.07,12
S60_R2,R2,YaleYCGA_RQ5908,Rep1,60,1,E,12,T12-R4-2,X12,5,Citrate,0.07,12
S61_R2,R2,YaleYCGA_RQ5908,Rep1,61,1,F,1,T12-R4-2,X1,6,Citrate,0.07,12
S62_R2,R2,YaleYCGA_RQ5908,Rep1,62,1,F,2,T12-R4-2,X2,6,Citrate,0.07,12
S63_R2,R2,YaleYCGA_RQ5908,Rep1,63,1,F,3,T12-R4-2,X3,6,Citrate,0.07,12
S64_R2,R2,YaleYCGA_RQ5908,Rep1,64,1,F,4,T12-R4-2,X4,6,Citrate,0.07,12
S65_R2,R2,YaleYCGA_RQ5908,Rep1,65,1,F,5,T12-R4-2,X5,6,Citrate,0.07,12
S66_R2,R2,YaleYCGA_RQ5908,Rep1,66,1,F,6,T12-R4-2,X6,6,Citrate,0.07,12
S67_R2,R2,YaleYCGA_RQ5908,Rep1,67,1,F,7,T12-R4-2,X7,6,Citrate,0.07,12
S68_R2,R2,YaleYCGA_RQ5908,Rep1,68,1,F,8,T12-R4-2,X8,6,Citrate,0.07,12
S69_R2,R2,YaleYCGA_RQ5908,Rep1,69,1,F,9,T12-R4-2,X9,6,Citrate,0.07,12
S70_R2,R2,YaleYCGA_RQ5908,Rep1,70,1,F,10,T12-R4-2,X10,6,Citrate,0.07,12
S71_R2,R2,YaleYCGA_RQ5908,Rep1,71,1,F,11,T12-R4-2,X11,6,Citrate,0.07,12
S72_R2,R2,YaleYCGA_RQ5908,Rep1,72,1,F,12,T12-R4-2,X12,6,Citrate,0.07,12
S73_R2,R2,YaleYCGA_RQ5908,Rep1,73,1,G,1,T12-R4-2,X1,7,Citrate,0.07,12
S74_R2,R2,YaleYCGA_RQ5908,Rep1,74,1,G,2,T12-R4-2,X2,7,Citrate,0.07,12
S75_R2,R2,YaleYCGA_RQ5908,Rep1,75,1,G,3,T12-R4-2,X3,7,Citrate,0.07,12
S76_R2,R2,YaleYCGA_RQ5908,Rep1,76,1,G,4,T12-R4-2,X4,7,Citrate,0.07,12
S77_R2,R2,YaleYCGA_RQ5908,Rep1,77,1,G,5,T12-R4-2,X5,7,Citrate,0.07,12
S78_R2,R2,YaleYCGA_RQ5908,Rep1,78,1,G,6,T12-R4-2,X6,7,Citrate,0.07,12
S79_R2,R2,YaleYCGA_RQ5908,Rep1,79,1,G,7,T12-R4-2,X7,7,Citrate,0.07,12
S80_R2,R2,YaleYCGA_RQ5908,Rep1,80,1,G,8,T12-R4-2,X8,7,Citrate,0.07,12
S81_R2,R2,YaleYCGA_RQ5908,Rep1,81,1,G,9,T12-R4-2,X9,7,Citrate,0.07,12
S82_R2,R2,YaleYCGA_RQ5908,Rep1,82,1,G,10,T12-R4-2,X10,7,Citrate,0.07,12
S85_R2,R2,YaleYCGA_RQ5908,Rep1,85,1,H,1,T12-R4-2,X1,8,Citrate,0.07,12
S86_R2,R2,YaleYCGA_RQ5908,Rep1,86,1,H,2,T12-R4-2,X2,8,Citrate,0.07,12
S87_R2,R2,YaleYCGA_RQ5908,Rep1,87,1,H,3,T12-R4-2,X3,8,Citrate,0.07,12
S88_R2,R2,YaleYCGA_RQ5908,Rep1,88,1,H,4,T12-R4-2,X4,8,Citrate,0.07,12
S89_R2,R2,YaleYCGA_RQ5908,Rep1,89,1,H,5,T12-R4-2,X5,8,Citrate,0.07,12
S90_R2,R2,YaleYCGA_RQ5908,Rep1,90,1,H,6,T12-R4-2,X6,8,Citrate,0.07,12
S91_R2,R2,YaleYCGA_RQ5908,Rep1,91,1,H,7,T12-R4-2,X7,8,Citrate,0.07,12
S92_R2,R2,YaleYCGA_RQ5908,Rep1,92,1,H,8,T12-R4-2,X8,8,Citrate,0.07,12
S93_R2,R2,YaleYCGA_RQ5908,Rep1,93,1,H,9,T12-R4-2,X9,8,Citrate,0.07,12
S94_R2,R2,YaleYCGA_RQ5908,Rep1,94,1,H,10,T12-R4-2,X10,8,Citrate,0.07,12
S193_R2,R2,YaleYCGA_RQ5908,Rep1,193,4,A,1,T12-R3-2,X1,1,Leucine,0.07,12
S194_R2,R2,YaleYCGA_RQ5908,Rep1,194,4,A,2,T12-R3-2,X2,1,Leucine,0.07,12
S195_R2,R2,YaleYCGA_RQ5908,Rep1,195,4,A,3,T12-R3-2,X3,1,Leucine,0.07,12
S196_R2,R2,YaleYCGA_RQ5908,Rep1,196,4,A,4,T12-R3-2,X4,1,Leucine,0.07,12
S197_R2,R2,YaleYCGA_RQ5908,Rep1,197,4,A,5,T12-R3-2,X5,1,Leucine,0.07,12
S198_R2,R2,YaleYCGA_RQ5908,Rep1,198,4,A,6,T12-R3-2,X6,1,Leucine,0.07,12
S199_R2,R2,YaleYCGA_RQ5908,Rep1,199,4,A,7,T12-R3-2,X7,1,Leucine,0.07,12
S200_R2,R2,YaleYCGA_RQ5908,Rep1,200,4,A,8,T12-R3-2,X8,1,Leucine,0.07,12
S201_R2,R2,YaleYCGA_RQ5908,Rep1,201,4,A,9,T12-R3-2,X9,1,Leucine,0.07,12
S202_R2,R2,YaleYCGA_RQ5908,Rep1,202,4,A,10,T12-R3-2,X10,1,Leucine,0.07,12
S203_R2,R2,YaleYCGA_RQ5908,Rep1,203,4,A,11,T12-R3-2,X11,1,Leucine,0.07,12
S204_R2,R2,YaleYCGA_RQ5908,Rep1,204,4,A,12,T12-R3-2,X12,1,Leucine,0.07,12
S205_R2,R2,YaleYCGA_RQ5908,Rep1,205,4,B,1,T12-R3-2,X1,2,Leucine,0.07,12
S206_R2,R2,YaleYCGA_RQ5908,Rep1,206,4,B,2,T12-R3-2,X2,2,Leucine,0.07,12
S207_R2,R2,YaleYCGA_RQ5908,Rep1,207,4,B,3,T12-R3-2,X3,2,Leucine,0.07,12
S208_R2,R2,YaleYCGA_RQ5908,Rep1,208,4,B,4,T12-R3-2,X4,2,Leucine,0.07,12
S209_R2,R2,YaleYCGA_RQ5908,Rep1,209,4,B,5,T12-R3-2,X5,2,Leucine,0.07,12
S210_R2,R2,YaleYCGA_RQ5908,Rep1,210,4,B,6,T12-R3-2,X6,2,Leucine,0.07,12
S211_R2,R2,YaleYCGA_RQ5908,Rep1,211,4,B,7,T12-R3-2,X7,2,Leucine,0.07,12
S212_R2,R2,YaleYCGA_RQ5908,Rep1,212,4,B,8,T12-R3-2,X8,2,Leucine,0.07,12
S213_R2,R2,YaleYCGA_RQ5908,Rep1,213,4,B,9,T12-R3-2,X9,2,Leucine,0.07,12
S214_R2,R2,YaleYCGA_RQ5908,Rep1,214,4,B,10,T12-R3-2,X10,2,Leucine,0.07,12
S215_R2,R2,YaleYCGA_RQ5908,Rep1,215,4,B,11,T12-R3-2,X11,2,Leucine,0.07,12
S216_R2,R2,YaleYCGA_RQ5908,Rep1,216,4,B,12,T12-R3-2,X12,2,Leucine,0.07,12
S217_R2,R2,YaleYCGA_RQ5908,Rep1,217,4,C,1,T12-R3-2,X1,3,Leucine,0.07,12
S218_R2,R2,YaleYCGA_RQ5908,Rep1,218,4,C,2,T12-R3-2,X2,3,Leucine,0.07,12
S219_R2,R2,YaleYCGA_RQ5908,Rep1,219,4,C,3,T12-R3-2,X3,3,Leucine,0.07,12
S220_R2,R2,YaleYCGA_RQ5908,Rep1,220,4,C,4,T12-R3-2,X4,3,Leucine,0.07,12
S221_R2,R2,YaleYCGA_RQ5908,Rep1,221,4,C,5,T12-R3-2,X5,3,Leucine,0.07,12
S222_R2,R2,YaleYCGA_RQ5908,Rep1,222,4,C,6,T12-R3-2,X6,3,Leucine,0.07,12
S223_R2,R2,YaleYCGA_RQ5908,Rep1,223,4,C,7,T12-R3-2,X7,3,Leucine,0.07,12
S224_R2,R2,YaleYCGA_RQ5908,Rep1,224,4,C,8,T12-R3-2,X8,3,Leucine,0.07,12
S225_R2,R2,YaleYCGA_RQ5908,Rep1,225,4,C,9,T12-R3-2,X9,3,Leucine,0.07,12
S226_R2,R2,YaleYCGA_RQ5908,Rep1,226,4,C,10,T12-R3-2,X10,3,Leucine,0.07,12
S227_R2,R2,YaleYCGA_RQ5908,Rep1,227,4,C,11,T12-R3-2,X11,3,Leucine,0.07,12
S228_R2,R2,YaleYCGA_RQ5908,Rep1,228,4,C,12,T12-R3-2,X12,3,Leucine,0.07,12
S229_R2,R2,YaleYCGA_RQ5908,Rep1,229,4,D,1,T12-R3-2,X1,4,Leucine,0.07,12
S230_R2,R2,YaleYCGA_RQ5908,Rep1,230,4,D,2,T12-R3-2,X2,4,Leucine,0.07,12
S231_R2,R2,YaleYCGA_RQ5908,Rep1,231,4,D,3,T12-R3-2,X3,4,Leucine,0.07,12
S232_R2,R2,YaleYCGA_RQ5908,Rep1,232,4,D,4,T12-R3-2,X4,4,Leucine,0.07,12
S233_R2,R2,YaleYCGA_RQ5908,Rep1,233,4,D,5,T12-R3-2,X5,4,Leucine,0.07,12
S234_R2,R2,YaleYCGA_RQ5908,Rep1,234,4,D,6,T12-R3-2,X6,4,Leucine,0.07,12
S235_R2,R2,YaleYCGA_RQ5908,Rep1,235,4,D,7,T12-R3-2,X7,4,Leucine,0.07,12
S236_R2,R2,YaleYCGA_RQ5908,Rep1,236,4,D,8,T12-R3-2,X8,4,Leucine,0.07,12
S237_R2,R2,YaleYCGA_RQ5908,Rep1,237,4,D,9,T12-R3-2,X9,4,Leucine,0.07,12
S238_R2,R2,YaleYCGA_RQ5908,Rep1,238,4,D,10,T12-R3-2,X10,4,Leucine,0.07,12
S239_R2,R2,YaleYCGA_RQ5908,Rep1,239,4,D,11,T12-R3-2,X11,4,Leucine,0.07,12
S240_R2,R2,YaleYCGA_RQ5908,Rep1,240,4,D,12,T12-R3-2,X12,4,Leucine,0.07,12
S241_R2,R2,YaleYCGA_RQ5908,Rep1,241,4,E,1,T12-R3-2,X1,5,Leucine,0.07,12
S242_R2,R2,YaleYCGA_RQ5908,Rep1,242,4,E,2,T12-R3-2,X2,5,Leucine,0.07,12
S243_R2,R2,YaleYCGA_RQ5908,Rep1,243,4,E,3,T12-R3-2,X3,5,Leucine,0.07,12
S244_R2,R2,YaleYCGA_RQ5908,Rep1,244,4,E,4,T12-R3-2,X4,5,Leucine,0.07,12
S245_R2,R2,YaleYCGA_RQ5908,Rep1,245,4,E,5,T12-R3-2,X5,5,Leucine,0.07,12
S246_R2,R2,YaleYCGA_RQ5908,Rep1,246,4,E,6,T12-R3-2,X6,5,Leucine,0.07,12
S247_R2,R2,YaleYCGA_RQ5908,Rep1,247,4,E,7,T12-R3-2,X7,5,Leucine,0.07,12
S248_R2,R2,YaleYCGA_RQ5908,Rep1,248,4,E,8,T12-R3-2,X8,5,Leucine,0.07,12
S249_R2,R2,YaleYCGA_RQ5908,Rep1,249,4,E,9,T12-R3-2,X9,5,Leucine,0.07,12
S250_R2,R2,YaleYCGA_RQ5908,Rep1,250,4,E,10,T12-R3-2,X10,5,Leucine,0.07,12
S251_R2,R2,YaleYCGA_RQ5908,Rep1,251,4,E,11,T12-R3-2,X11,5,Leucine,0.07,12
S252_R2,R2,YaleYCGA_RQ5908,Rep1,252,4,E,12,T12-R3-2,X12,5,Leucine,0.07,12
S253_R2,R2,YaleYCGA_RQ5908,Rep1,253,4,F,1,T12-R3-2,X1,6,Leucine,0.07,12
S254_R2,R2,YaleYCGA_RQ5908,Rep1,254,4,F,2,T12-R3-2,X2,6,Leucine,0.07,12
S255_R2,R2,YaleYCGA_RQ5908,Rep1,255,4,F,3,T12-R3-2,X3,6,Leucine,0.07,12
S256_R2,R2,YaleYCGA_RQ5908,Rep1,256,4,F,4,T12-R3-2,X4,6,Leucine,0.07,12
S257_R2,R2,YaleYCGA_RQ5908,Rep1,257,4,F,5,T12-R3-2,X5,6,Leucine,0.07,12
S258_R2,R2,YaleYCGA_RQ5908,Rep1,258,4,F,6,T12-R3-2,X6,6,Leucine,0.07,12
S259_R2,R2,YaleYCGA_RQ5908,Rep1,259,4,F,7,T12-R3-2,X7,6,Leucine,0.07,12
S260_R2,R2,YaleYCGA_RQ5908,Rep1,260,4,F,8,T12-R3-2,X8,6,Leucine,0.07,12
S261_R2,R2,YaleYCGA_RQ5908,Rep1,261,4,F,9,T12-R3-2,X9,6,Leucine,0.07,12
S262_R2,R2,YaleYCGA_RQ5908,Rep1,262,4,F,10,T12-R3-2,X10,6,Leucine,0.07,12
S263_R2,R2,YaleYCGA_RQ5908,Rep1,263,4,F,11,T12-R3-2,X11,6,Leucine,0.07,12
S264_R2,R2,YaleYCGA_RQ5908,Rep1,264,4,F,12,T12-R3-2,X12,6,Leucine,0.07,12
S265_R2,R2,YaleYCGA_RQ5908,Rep1,265,4,G,1,T12-R3-2,X1,7,Leucine,0.07,12
S266_R2,R2,YaleYCGA_RQ5908,Rep1,266,4,G,2,T12-R3-2,X2,7,Leucine,0.07,12
S267_R2,R2,YaleYCGA_RQ5908,Rep1,267,4,G,3,T12-R3-2,X3,7,Leucine,0.07,12
S268_R2,R2,YaleYCGA_RQ5908,Rep1,268,4,G,4,T12-R3-2,X4,7,Leucine,0.07,12
S269_R2,R2,YaleYCGA_RQ5908,Rep1,269,4,G,5,T12-R3-2,X5,7,Leucine,0.07,12
S270_R2,R2,YaleYCGA_RQ5908,Rep1,270,4,G,6,T12-R3-2,X6,7,Leucine,0.07,12
S271_R2,R2,YaleYCGA_RQ5908,Rep1,271,4,G,7,T12-R3-2,X7,7,Leucine,0.07,12
S272_R2,R2,YaleYCGA_RQ5908,Rep1,272,4,G,8,T12-R3-2,X8,7,Leucine,0.07,12
S273_R2,R2,YaleYCGA_RQ5908,Rep1,273,4,G,9,T12-R3-2,X9,7,Leucine,0.07,12
S274_R2,R2,YaleYCGA_RQ5908,Rep1,274,4,G,10,T12-R3-2,X10,7,Leucine,0.07,12
S277_R2,R2,YaleYCGA_RQ5908,Rep1,277,4,H,1,T12-R3-2,X1,8,Leucine,0.07,12
S278_R2,R2,YaleYCGA_RQ5908,Rep1,278,4,H,2,T12-R3-2,X2,8,Leucine,0.07,12
S279_R2,R2,YaleYCGA_RQ5908,Rep1,279,4,H,3,T12-R3-2,X3,8,Leucine,0.07,12
S280_R2,R2,YaleYCGA_RQ5908,Rep1,280,4,H,4,T12-R3-2,X4,8,Leucine,0.07,12
S281_R2,R2,YaleYCGA_RQ5908,Rep1,281,4,H,5,T12-R3-2,X5,8,Leucine,0.07,12
S282_R2,R2,YaleYCGA_RQ5908,Rep1,282,4,H,6,T12-R3-2,X6,8,Leucine,0.07,12
S283_R2,R2,YaleYCGA_RQ5908,Rep1,283,4,H,7,T12-R3-2,X7,8,Leucine,0.07,12
S284_R2,R2,YaleYCGA_RQ5908,Rep1,284,4,H,8,T12-R3-2,X8,8,Leucine,0.07,12
S285_R2,R2,YaleYCGA_RQ5908,Rep1,285,4,H,9,T12-R3-2,X9,8,Leucine,0.07,12
S286_R2,R2,YaleYCGA_RQ5908,Rep1,286,4,H,10,T12-R3-2,X10,8,Leucine,0.07,12
S289_R1,R1,YaleYCGA_RQ5643,Rep1,289,4,A,1,Glu-T12-X1-Rep1,X1,1,Glucose,0.07,12
S290_R1,R1,YaleYCGA_RQ5643,Rep1,290,4,A,2,Glu-T12-X2-Rep1,X2,1,Glucose,0.07,12
S291_R1,R1,YaleYCGA_RQ5643,Rep1,291,4,A,3,Glu-T12-X3-Rep1,X3,1,Glucose,0.07,12
S292_R1,R1,YaleYCGA_RQ5643,Rep1,292,4,A,4,Glu-T12-X4-Rep1,X4,1,Glucose,0.07,12
S293_R1,R1,YaleYCGA_RQ5643,Rep1,293,4,A,5,Glu-T12-X5-Rep1,X5,1,Glucose,0.07,12
S294_R1,R1,YaleYCGA_RQ5643,Rep1,294,4,A,6,Glu-T12-X6-Rep1,X6,1,Glucose,0.07,12
S295_R1,R1,YaleYCGA_RQ5643,Rep1,295,4,A,7,Glu-T12-X7-Rep1,X7,1,Glucose,0.07,12
S296_R1,R1,YaleYCGA_RQ5643,Rep1,296,4,A,8,Glu-T12-X8-Rep1,X8,1,Glucose,0.07,12
S297_R1,R1,YaleYCGA_RQ5643,Rep1,297,4,A,9,Glu-T12-X9-Rep1,X9,1,Glucose,0.07,12
S298_R1,R1,YaleYCGA_RQ5643,Rep1,298,4,A,10,Glu-T12-X10-Rep1,X10,1,Glucose,0.07,12
S299_R1,R1,YaleYCGA_RQ5643,Rep1,299,4,A,11,Glu-T12-X11-Rep1,X11,1,Glucose,0.07,12
S300_R1,R1,YaleYCGA_RQ5643,Rep1,300,4,A,12,Glu-T12-X12-Rep1,X12,1,Glucose,0.07,12
S301_R1,R1,YaleYCGA_RQ5643,Rep1,301,4,B,1,Glu-T12-X1-Rep2,X1,2,Glucose,0.07,12
S302_R1,R1,YaleYCGA_RQ5643,Rep1,302,4,B,2,Glu-T12-X2-Rep2,X2,2,Glucose,0.07,12
S303_R1,R1,YaleYCGA_RQ5643,Rep1,303,4,B,3,Glu-T12-X3-Rep2,X3,2,Glucose,0.07,12
S304_R1,R1,YaleYCGA_RQ5643,Rep1,304,4,B,4,Glu-T12-X4-Rep2,X4,2,Glucose,0.07,12
S305_R1,R1,YaleYCGA_RQ5643,Rep1,305,4,B,5,Glu-T12-X5-Rep2,X5,2,Glucose,0.07,12
S306_R1,R1,YaleYCGA_RQ5643,Rep1,306,4,B,6,Glu-T12-X6-Rep2,X6,2,Glucose,0.07,12
S307_R1,R1,YaleYCGA_RQ5643,Rep1,307,4,B,7,Glu-T12-X7-Rep2,X7,2,Glucose,0.07,12
S308_R1,R1,YaleYCGA_RQ5643,Rep1,308,4,B,8,Glu-T12-X8-Rep2,X8,2,Glucose,0.07,12
S309_R1,R1,YaleYCGA_RQ5643,Rep1,309,4,B,9,Glu-T12-X9-Rep2,X9,2,Glucose,0.07,12
S310_R1,R1,YaleYCGA_RQ5643,Rep1,310,4,B,10,Glu-T12-X10-Rep2,X10,2,Glucose,0.07,12
S311_R1,R1,YaleYCGA_RQ5643,Rep1,311,4,B,11,Glu-T12-X11-Rep2,X11,2,Glucose,0.07,12
S312_R1,R1,YaleYCGA_RQ5643,Rep1,312,4,B,12,Glu-T12-X12-Rep2,X12,2,Glucose,0.07,12
S313_R1,R1,YaleYCGA_RQ5643,Rep1,313,4,C,1,Glu-T12-X1-Rep3,X1,3,Glucose,0.07,12
S314_R1,R1,YaleYCGA_RQ5643,Rep1,314,4,C,2,Glu-T12-X2-Rep3,X2,3,Glucose,0.07,12
S315_R1,R1,YaleYCGA_RQ5643,Rep1,315,4,C,3,Glu-T12-X3-Rep3,X3,3,Glucose,0.07,12
S316_R1,R1,YaleYCGA_RQ5643,Rep1,316,4,C,4,Glu-T12-X4-Rep3,X4,3,Glucose,0.07,12
S317_R1,R1,YaleYCGA_RQ5643,Rep1,317,4,C,5,Glu-T12-X5-Rep3,X5,3,Glucose,0.07,12
S318_R1,R1,YaleYCGA_RQ5643,Rep1,318,4,C,6,Glu-T12-X6-Rep3,X6,3,Glucose,0.07,12
S319_R1,R1,YaleYCGA_RQ5643,Rep1,319,4,C,7,Glu-T12-X7-Rep3,X7,3,Glucose,0.07,12
S320_R1,R1,YaleYCGA_RQ5643,Rep1,320,4,C,8,Glu-T12-X8-Rep3,X8,3,Glucose,0.07,12
S321_R1,R1,YaleYCGA_RQ5643,Rep1,321,4,C,9,Glu-T12-X9-Rep3,X9,3,Glucose,0.07,12
S322_R1,R1,YaleYCGA_RQ5643,Rep1,322,4,C,10,Glu-T12-X10-Rep3,X10,3,Glucose,0.07,12
S323_R1,R1,YaleYCGA_RQ5643,Rep1,323,4,C,11,Glu-T12-X11-Rep3,X11,3,Glucose,0.07,12
S324_R1,R1,YaleYCGA_RQ5643,Rep1,324,4,C,12,Glu-T12-X12-Rep3,X12,3,Glucose,0.07,12
S325_R1,R1,YaleYCGA_RQ5643,Rep1,325,4,D,1,Glu-T12-X1-Rep4,X1,4,Glucose,0.07,12
S326_R1,R1,YaleYCGA_RQ5643,Rep1,326,4,D,2,Glu-T12-X2-Rep4,X2,4,Glucose,0.07,12
S327_R1,R1,YaleYCGA_RQ5643,Rep1,327,4,D,3,Glu-T12-X3-Rep4,X3,4,Glucose,0.07,12
S328_R1,R1,YaleYCGA_RQ5643,Rep1,328,4,D,4,Glu-T12-X4-Rep4,X4,4,Glucose,0.07,12
S329_R1,R1,YaleYCGA_RQ5643,Rep1,329,4,D,5,Glu-T12-X5-Rep4,X5,4,Glucose,0.07,12
S330_R1,R1,YaleYCGA_RQ5643,Rep1,330,4,D,6,Glu-T12-X6-Rep4,X6,4,Glucose,0.07,12
S331_R1,R1,YaleYCGA_RQ5643,Rep1,331,4,D,7,Glu-T12-X7-Rep4,X7,4,Glucose,0.07,12
S332_R1,R1,YaleYCGA_RQ5643,Rep1,332,4,D,8,Glu-T12-X8-Rep4,X8,4,Glucose,0.07,12
S333_R1,R1,YaleYCGA_RQ5643,Rep1,333,4,D,9,Glu-T12-X9-Rep4,X9,4,Glucose,0.07,12
S334_R1,R1,YaleYCGA_RQ5643,Rep1,334,4,D,10,Glu-T12-X10-Rep4,X10,4,Glucose,0.07,12
S335_R1,R1,YaleYCGA_RQ5643,Rep1,335,4,D,11,Glu-T12-X11-Rep4,X11,4,Glucose,0.07,12
S336_R1,R1,YaleYCGA_RQ5643,Rep1,336,4,D,12,Glu-T12-X12-Rep4,X12,4,Glucose,0.07,12
S337_R1,R1,YaleYCGA_RQ5643,Rep1,337,4,E,1,Glu-T12-X1-Rep5,X1,5,Glucose,0.07,12
S338_R1,R1,YaleYCGA_RQ5643,Rep1,338,4,E,2,Glu-T12-X2-Rep5,X2,5,Glucose,0.07,12
S339_R1,R1,YaleYCGA_RQ5643,Rep1,339,4,E,3,Glu-T12-X3-Rep5,X3,5,Glucose,0.07,12
S340_R1,R1,YaleYCGA_RQ5643,Rep1,340,4,E,4,Glu-T12-X4-Rep5,X4,5,Glucose,0.07,12
S341_R1,R1,YaleYCGA_RQ5643,Rep1,341,4,E,5,Glu-T12-X5-Rep5,X5,5,Glucose,0.07,12
S342_R1,R1,YaleYCGA_RQ5643,Rep1,342,4,E,6,Glu-T12-X6-Rep5,X6,5,Glucose,0.07,12
S343_R1,R1,YaleYCGA_RQ5643,Rep1,343,4,E,7,Glu-T12-X7-Rep5,X7,5,Glucose,0.07,12
S344_R1,R1,YaleYCGA_RQ5643,Rep1,344,4,E,8,Glu-T12-X8-Rep5,X8,5,Glucose,0.07,12
S345_R1,R1,YaleYCGA_RQ5643,Rep1,345,4,E,9,Glu-T12-X9-Rep5,X9,5,Glucose,0.07,12
S346_R1,R1,YaleYCGA_RQ5643,Rep1,346,4,E,10,Glu-T12-X10-Rep5,X10,5,Glucose,0.07,12
S347_R1,R1,YaleYCGA_RQ5643,Rep1,347,4,E,11,Glu-T12-X11-Rep5,X11,5,Glucose,0.07,12
S348_R1,R1,YaleYCGA_RQ5643,Rep1,348,4,E,12,Glu-T12-X12-Rep5,X12,5,Glucose,0.07,12
S349_R1,R1,YaleYCGA_RQ5643,Rep1,349,4,F,1,Glu-T12-X1-Rep6,X1,6,Glucose,0.07,12
S350_R1,R1,YaleYCGA_RQ5643,Rep1,350,4,F,2,Glu-T12-X2-Rep6,X2,6,Glucose,0.07,12
S351_R1,R1,YaleYCGA_RQ5643,Rep1,351,4,F,3,Glu-T12-X3-Rep6,X3,6,Glucose,0.07,12
S352_R1,R1,YaleYCGA_RQ5643,Rep1,352,4,F,4,Glu-T12-X4-Rep6,X4,6,Glucose,0.07,12
S353_R1,R1,YaleYCGA_RQ5643,Rep1,353,4,F,5,Glu-T12-X5-Rep6,X5,6,Glucose,0.07,12
S354_R1,R1,YaleYCGA_RQ5643,Rep1,354,4,F,6,Glu-T12-X6-Rep6,X6,6,Glucose,0.07,12
S355_R1,R1,YaleYCGA_RQ5643,Rep1,355,4,F,7,Glu-T12-X7-Rep6,X7,6,Glucose,0.07,12
S356_R1,R1,YaleYCGA_RQ5643,Rep1,356,4,F,8,Glu-T12-X8-Rep6,X8,6,Glucose,0.07,12
S357_R1,R1,YaleYCGA_RQ5643,Rep1,357,4,F,9,Glu-T12-X9-Rep6,X9,6,Glucose,0.07,12
S358_R1,R1,YaleYCGA_RQ5643,Rep1,358,4,F,10,Glu-T12-X10-Rep6,X10,6,Glucose,0.07,12
S359_R1,R1,YaleYCGA_RQ5643,Rep1,359,4,F,11,Glu-T12-X11-Rep6,X11,6,Glucose,0.07,12
S360_R1,R1,YaleYCGA_RQ5643,Rep1,360,4,F,12,Glu-T12-X12-Rep6,X12,6,Glucose,0.07,12
S361_R1,R1,YaleYCGA_RQ5643,Rep1,361,4,G,1,Glu-T12-X1-Rep7,X1,7,Glucose,0.07,12
S362_R1,R1,YaleYCGA_RQ5643,Rep1,362,4,G,2,Glu-T12-X2-Rep7,X2,7,Glucose,0.07,12
S363_R1,R1,YaleYCGA_RQ5643,Rep1,363,4,G,3,Glu-T12-X3-Rep7,X3,7,Glucose,0.07,12
S364_R1,R1,YaleYCGA_RQ5643,Rep1,364,4,G,4,Glu-T12-X4-Rep7,X4,7,Glucose,0.07,12
S365_R1,R1,YaleYCGA_RQ5643,Rep1,365,4,G,5,Glu-T12-X5-Rep7,X5,7,Glucose,0.07,12
S366_R1,R1,YaleYCGA_RQ5643,Rep1,366,4,G,6,Glu-T12-X6-Rep7,X6,7,Glucose,0.07,12
S367_R1,R1,YaleYCGA_RQ5643,Rep1,367,4,G,7,Glu-T12-X7-Rep7,X7,7,Glucose,0.07,12
S368_R1,R1,YaleYCGA_RQ5643,Rep1,368,4,G,8,Glu-T12-X8-Rep7,X8,7,Glucose,0.07,12
S369_R1,R1,YaleYCGA_RQ5643,Rep1,369,4,G,9,Glu-T12-X9-Rep7,X9,7,Glucose,0.07,12
S370_R1,R1,YaleYCGA_RQ5643,Rep1,370,4,G,10,Glu-T12-X10-Rep7,X10,7,Glucose,0.07,12
S371_R1,R1,YaleYCGA_RQ5643,Rep1,371,4,G,11,Glu-T12-X11-Rep7,X11,7,Glucose,0.07,12
S372_R1,R1,YaleYCGA_RQ5643,Rep1,372,4,G,12,Glu-T12-X12-Rep7,X12,7,Glucose,0.07,12
S373_R1,R1,YaleYCGA_RQ5643,Rep1,373,4,H,1,Glu-T12-X1-Rep8,X1,8,Glucose,0.07,12
S374_R1,R1,YaleYCGA_RQ5643,Rep1,374,4,H,2,Glu-T12-X2-Rep8,X2,8,Glucose,0.07,12
S375_R1,R1,YaleYCGA_RQ5643,Rep1,375,4,H,3,Glu-T12-X3-Rep8,X3,8,Glucose,0.07,12
S376_R1,R1,YaleYCGA_RQ5643,Rep1,376,4,H,4,Glu-T12-X4-Rep8,X4,8,Glucose,0.07,12
S377_R1,R1,YaleYCGA_RQ5643,Rep1,377,4,H,5,Glu-T12-X5-Rep8,X5,8,Glucose,0.07,12
S378_R1,R1,YaleYCGA_RQ5643,Rep1,378,4,H,6,Glu-T12-X6-Rep8,X6,8,Glucose,0.07,12
S379_R1,R1,YaleYCGA_RQ5643,Rep1,379,4,H,7,Glu-T12-X7-Rep8,X7,8,Glucose,0.07,12
S380_R1,R1,YaleYCGA_RQ5643,Rep1,380,4,H,8,Glu-T12-X8-Rep8,X8,8,Glucose,0.07,12
S1_R4,R4,YaleYCGA_RQ6214,,1,1,A,1,Glu-T9-X1,X1,4,Glucose,0.07,9
S2_R4,R4,YaleYCGA_RQ6214,,2,1,A,2,Glu-T9-X3,X3,4,Glucose,0.07,9
S3_R4,R4,YaleYCGA_RQ6214,,3,1,A,3,Glu-T9-X4,X4,4,Glucose,0.07,9
S5_R4,R4,YaleYCGA_RQ6214,,5,1,A,5,Glu-T9-X7,X7,4,Glucose,0.07,9
S6_R4,R4,YaleYCGA_RQ6214,,6,1,A,6,Glu-T9-X8,X8,4,Glucose,0.07,9
S7_R4,R4,YaleYCGA_RQ6214,,7,1,A,7,Glu-T9-X9,X9,4,Glucose,0.07,9
S8_R4,R4,YaleYCGA_RQ6214,,8,1,A,8,Glu-T9-X10,X10,4,Glucose,0.07,9
S9_R4,R4,YaleYCGA_RQ6214,,9,1,A,9,Glu-T9-X11,X11,4,Glucose,0.07,9
S10_R4,R4,YaleYCGA_RQ6214,,10,1,A,10,Glu-T9-X12,X12,4,Glucose,0.07,9
S13_R4,R4,YaleYCGA_RQ6214,,13,1,B,1,Glu-T10-X1,X1,4,Glucose,0.07,10
S14_R4,R4,YaleYCGA_RQ6214,,14,1,B,2,Glu-T10-X3,X3,4,Glucose,0.07,10
S15_R4,R4,YaleYCGA_RQ6214,,15,1,B,3,Glu-T10-X4,X4,4,Glucose,0.07,10
S16_R4,R4,YaleYCGA_RQ6214,,16,1,B,4,Glu-T10-X5,X5,4,Glucose,0.07,10
S17_R4,R4,YaleYCGA_RQ6214,,17,1,B,5,Glu-T10-X7,X7,4,Glucose,0.07,10
S18_R4,R4,YaleYCGA_RQ6214,,18,1,B,6,Glu-T10-X8,X8,4,Glucose,0.07,10
S19_R4,R4,YaleYCGA_RQ6214,,19,1,B,7,Glu-T10-X9,X9,4,Glucose,0.07,10
S20_R4,R4,YaleYCGA_RQ6214,,20,1,B,8,Glu-T10-X10,X10,4,Glucose,0.07,10
S21_R4,R4,YaleYCGA_RQ6214,,21,1,B,9,Glu-T10-X11,X11,4,Glucose,0.07,10
S22_R4,R4,YaleYCGA_RQ6214,,22,1,B,10,Glu-T10-X12,X12,4,Glucose,0.07,10
S25_R4,R4,YaleYCGA_RQ6214,,25,1,C,1,Glu-T11-X1,X1,4,Glucose,0.07,11
S26_R4,R4,YaleYCGA_RQ6214,,26,1,C,2,Glu-T11-X3,X3,4,Glucose,0.07,11
S28_R4,R4,YaleYCGA_RQ6214,,28,1,C,4,Glu-T11-X5,X5,4,Glucose,0.07,11
S29_R4,R4,YaleYCGA_RQ6214,,29,1,C,5,Glu-T11-X7,X7,4,Glucose,0.07,11
S30_R4,R4,YaleYCGA_RQ6214,,30,1,C,6,Glu-T11-X8,X8,4,Glucose,0.07,11
S32_R4,R4,YaleYCGA_RQ6214,,32,1,C,8,Glu-T11-X10,X10,4,Glucose,0.07,11
S33_R4,R4,YaleYCGA_RQ6214,,33,1,C,9,Glu-T11-X11,X11,4,Glucose,0.07,11
S34_R4,R4,YaleYCGA_RQ6214,,34,1,C,10,Glu-T11-X12,X12,4,Glucose,0.07,11
S97_R4,R4,YaleYCGA_RQ6214,,97,2,A,1,Glu-T1-X2,X2,1,Glucose,0.07,1
S98_R4,R4,YaleYCGA_RQ6214,,98,2,A,2,Glu-T2-X2,X2,1,Glucose,0.07,2
S99_R4,R4,YaleYCGA_RQ6214,,99,2,A,3,Glu-T3-X2,X2,1,Glucose,0.07,3
S100_R4,R4,YaleYCGA_RQ6214,,100,2,A,4,Glu-T4-X2,X2,1,Glucose,0.07,4
S101_R4,R4,YaleYCGA_RQ6214,,101,2,A,5,Glu-T5-X2,X2,1,Glucose,0.07,5
S102_R4,R4,YaleYCGA_RQ6214,,102,2,A,6,Glu-T6-X2,X2,1,Glucose,0.07,6
S103_R4,R4,YaleYCGA_RQ6214,,103,2,A,7,Glu-T7-X2,X2,1,Glucose,0.07,7
S104_R4,R4,YaleYCGA_RQ6214,,104,2,A,8,Glu-T8-X2,X2,1,Glucose,0.07,8
S105_R4,R4,YaleYCGA_RQ6214,,105,2,A,9,Glu-T9-X2,X2,1,Glucose,0.07,9
S106_R4,R4,YaleYCGA_RQ6214,,106,2,A,10,Glu-T10-X2,X2,1,Glucose,0.07,10
S107_R4,R4,YaleYCGA_RQ6214,,107,2,A,11,Glu-T11-X2,X2,1,Glucose,0.07,11
S108_R4,R4,YaleYCGA_RQ6214,,108,2,A,12,Glu-T11-X2,X2,7,Glucose,0.07,11
S109_R4,R4,YaleYCGA_RQ6214,,109,2,B,1,Glu-T1-X2,X2,2,Glucose,0.07,1
S110_R4,R4,YaleYCGA_RQ6214,,110,2,B,2,Glu-T2-X2,X2,2,Glucose,0.07,2
S111_R4,R4,YaleYCGA_RQ6214,,111,2,B,3,Glu-T3-X2,X2,2,Glucose,0.07,3
S112_R4,R4,YaleYCGA_RQ6214,,112,2,B,4,Glu-T4-X2,X2,2,Glucose,0.07,4
S113_R4,R4,YaleYCGA_RQ6214,,113,2,B,5,Glu-T5-X2,X2,2,Glucose,0.07,5
S114_R4,R4,YaleYCGA_RQ6214,,114,2,B,6,Glu-T6-X2,X2,2,Glucose,0.07,6
S115_R4,R4,YaleYCGA_RQ6214,,115,2,B,7,Glu-T7-X2,X2,2,Glucose,0.07,7
S116_R4,R4,YaleYCGA_RQ6214,,116,2,B,8,Glu-T8-X2,X2,2,Glucose,0.07,8
S117_R4,R4,YaleYCGA_RQ6214,,117,2,B,9,Glu-T9-X2,X2,2,Glucose,0.07,9
S118_R4,R4,YaleYCGA_RQ6214,,118,2,B,10,Glu-T10-X2,X2,2,Glucose,0.07,10
S119_R4,R4,YaleYCGA_RQ6214,,119,2,B,11,Glu-T11-X2,X2,2,Glucose,0.07,11
S120_R4,R4,YaleYCGA_RQ6214,,120,2,B,12,Glu-T11-X2,X2,8,Glucose,0.07,11
S121_R4,R4,YaleYCGA_RQ6214,,121,2,C,1,Glu-T1-X2,X2,3,Glucose,0.07,1
S122_R4,R4,YaleYCGA_RQ6214,,122,2,C,2,Glu-T2-X2,X2,3,Glucose,0.07,2
S123_R4,R4,YaleYCGA_RQ6214,,123,2,C,3,Glu-T3-X2,X2,3,Glucose,0.07,3
S124_R4,R4,YaleYCGA_RQ6214,,124,2,C,4,Glu-T4-X2,X2,3,Glucose,0.07,4
S125_R4,R4,YaleYCGA_RQ6214,,125,2,C,5,Glu-T5-X2,X2,3,Glucose,0.07,5
S126_R4,R4,YaleYCGA_RQ6214,,126,2,C,6,Glu-T6-X2,X2,3,Glucose,0.07,6
S127_R4,R4,YaleYCGA_RQ6214,,127,2,C,7,Glu-T7-X2,X2,3,Glucose,0.07,7
S128_R4,R4,YaleYCGA_RQ6214,,128,2,C,8,Glu-T8-X2,X2,3,Glucose,0.07,8
S129_R4,R4,YaleYCGA_RQ6214,,129,2,C,9,Glu-T9-X2,X2,3,Glucose,0.07,9
S130_R4,R4,YaleYCGA_RQ6214,,130,2,C,10,Glu-T10-X2,X2,3,Glucose,0.07,10
S131_R4,R4,YaleYCGA_RQ6214,,131,2,C,11,Glu-T11-X2,X2,3,Glucose,0.07,11
S133_R4,R4,YaleYCGA_RQ6214,,133,2,D,1,Glu-T1-X2,X2,4,Glucose,0.07,1
S134_R4,R4,YaleYCGA_RQ6214,,134,2,D,2,Glu-T2-X2,X2,4,Glucose,0.07,2
S135_R4,R4,YaleYCGA_RQ6214,,135,2,D,3,Glu-T3-X2,X2,4,Glucose,0.07,3
S136_R4,R4,YaleYCGA_RQ6214,,136,2,D,4,Glu-T4-X2,X2,4,Glucose,0.07,4
S137_R4,R4,YaleYCGA_RQ6214,,137,2,D,5,Glu-T5-X2,X2,4,Glucose,0.07,5
S138_R4,R4,YaleYCGA_RQ6214,,138,2,D,6,Glu-T6-X2,X2,4,Glucose,0.07,6
S139_R4,R4,YaleYCGA_RQ6214,,139,2,D,7,Glu-T7-X2,X2,4,Glucose,0.07,7
S140_R4,R4,YaleYCGA_RQ6214,,140,2,D,8,Glu-T8-X2,X2,4,Glucose,0.07,8
S141_R4,R4,YaleYCGA_RQ6214,,141,2,D,9,Glu-T9-X2,X2,4,Glucose,0.07,9
S142_R4,R4,YaleYCGA_RQ6214,,142,2,D,10,Glu-T10-X2,X2,4,Glucose,0.07,10
S143_R4,R4,YaleYCGA_RQ6214,,143,2,D,11,Glu-T11-X2,X2,4,Glucose,0.07,11
S145_R4,R4,YaleYCGA_RQ6214,,145,2,E,1,Glu-T1-X2,X2,5,Glucose,0.07,1
S146_R4,R4,YaleYCGA_RQ6214,,146,2,E,2,Glu-T2-X2,X2,5,Glucose,0.07,2
S147_R4,R4,YaleYCGA_RQ6214,,147,2,E,3,Glu-T3-X2,X2,5,Glucose,0.07,3
S148_R4,R4,YaleYCGA_RQ6214,,148,2,E,4,Glu-T4-X2,X2,5,Glucose,0.07,4
S149_R4,R4,YaleYCGA_RQ6214,,149,2,E,5,Glu-T5-X2,X2,5,Glucose,0.07,5
S150_R4,R4,YaleYCGA_RQ6214,,150,2,E,6,Glu-T6-X2,X2,5,Glucose,0.07,6
S151_R4,R4,YaleYCGA_RQ6214,,151,2,E,7,Glu-T7-X2,X2,5,Glucose,0.07,7
S152_R4,R4,YaleYCGA_RQ6214,,152,2,E,8,Glu-T8-X2,X2,5,Glucose,0.07,8
S153_R4,R4,YaleYCGA_RQ6214,,153,2,E,9,Glu-T9-X2,X2,5,Glucose,0.07,9
S154_R4,R4,YaleYCGA_RQ6214,,154,2,E,10,Glu-T10-X2,X2,5,Glucose,0.07,10
S155_R4,R4,YaleYCGA_RQ6214,,155,2,E,11,Glu-T11-X2,X2,5,Glucose,0.07,11
S157_R4,R4,YaleYCGA_RQ6214,,157,2,F,1,Glu-T1-X2,X2,6,Glucose,0.07,1
S158_R4,R4,YaleYCGA_RQ6214,,158,2,F,2,Glu-T2-X2,X2,6,Glucose,0.07,2
S159_R4,R4,YaleYCGA_RQ6214,,159,2,F,3,Glu-T3-X2,X2,6,Glucose,0.07,3
S160_R4,R4,YaleYCGA_RQ6214,,160,2,F,4,Glu-T4-X2,X2,6,Glucose,0.07,4
S161_R4,R4,YaleYCGA_RQ6214,,161,2,F,5,Glu-T5-X2,X2,6,Glucose,0.07,5
S162_R4,R4,YaleYCGA_RQ6214,,162,2,F,6,Glu-T6-X2,X2,6,Glucose,0.07,6
S163_R4,R4,YaleYCGA_RQ6214,,163,2,F,7,Glu-T7-X2,X2,6,Glucose,0.07,7
S164_R4,R4,YaleYCGA_RQ6214,,164,2,F,8,Glu-T8-X2,X2,6,Glucose,0.07,8
S165_R4,R4,YaleYCGA_RQ6214,,165,2,F,9,Glu-T9-X2,X2,6,Glucose,0.07,9
S166_R4,R4,YaleYCGA_RQ6214,,166,2,F,10,Glu-T10-X2,X2,6,Glucose,0.07,10
S167_R4,R4,YaleYCGA_RQ6214,,167,2,F,11,Glu-T11-X2,X2,6,Glucose,0.07,11
S169_R4,R4,YaleYCGA_RQ6214,,169,2,G,1,Glu-T1-X2,X2,7,Glucose,0.07,1
S170_R4,R4,YaleYCGA_RQ6214,,170,2,G,2,Glu-T2-X2,X2,7,Glucose,0.07,2
S171_R4,R4,YaleYCGA_RQ6214,,171,2,G,3,Glu-T3-X2,X2,7,Glucose,0.07,3
S172_R4,R4,YaleYCGA_RQ6214,,172,2,G,4,Glu-T4-X2,X2,7,Glucose,0.07,4
S173_R4,R4,YaleYCGA_RQ6214,,173,2,G,5,Glu-T5-X2,X2,7,Glucose,0.07,5
S174_R4,R4,YaleYCGA_RQ6214,,174,2,G,6,Glu-T6-X2,X2,7,Glucose,0.07,6
S175_R4,R4,YaleYCGA_RQ6214,,175,2,G,7,Glu-T7-X2,X2,7,Glucose,0.07,7
S176_R4,R4,YaleYCGA_RQ6214,,176,2,G,8,Glu-T8-X2,X2,7,Glucose,0.07,8
S177_R4,R4,YaleYCGA_RQ6214,,177,2,G,9,Glu-T9-X2,X2,7,Glucose,0.07,9
S178_R4,R4,YaleYCGA_RQ6214,,178,2,G,10,Glu-T10-X2,X2,7,Glucose,0.07,10
S181_R4,R4,YaleYCGA_RQ6214,,181,2,H,1,Glu-T1-X2,X2,8,Glucose,0.07,1
S182_R4,R4,YaleYCGA_RQ6214,,182,2,H,2,Glu-T2-X2,X2,8,Glucose,0.07,2
S183_R4,R4,YaleYCGA_RQ6214,,183,2,H,3,Glu-T3-X2,X2,8,Glucose,0.07,3
S184_R4,R4,YaleYCGA_RQ6214,,184,2,H,4,Glu-T4-X2,X2,8,Glucose,0.07,4
S185_R4,R4,YaleYCGA_RQ6214,,185,2,H,5,Glu-T5-X2,X2,8,Glucose,0.07,5
S186_R4,R4,YaleYCGA_RQ6214,,186,2,H,6,Glu-T6-X2,X2,8,Glucose,0.07,6
S187_R4,R4,YaleYCGA_RQ6214,,187,2,H,7,Glu-T7-X2,X2,8,Glucose,0.07,7
S188_R4,R4,YaleYCGA_RQ6214,,188,2,H,8,Glu-T8-X2,X2,8,Glucose,0.07,8
S189_R4,R4,YaleYCGA_RQ6214,,189,2,H,9,Glu-T9-X2,X2,8,Glucose,0.07,9
S190_R4,R4,YaleYCGA_RQ6214,,190,2,H,10,Glu-T10-X2,X2,8,Glucose,0.07,10
S289_R4,R4,YaleYCGA_RQ6214,,289,4,A,1,Glu-T1-X6,X6,1,Glucose,0.07,1
S290_R4,R4,YaleYCGA_RQ6214,,290,4,A,2,Glu-T2-X6,X6,1,Glucose,0.07,2
S291_R4,R4,YaleYCGA_RQ6214,,291,4,A,3,Glu-T3-X6,X6,1,Glucose,0.07,3
S292_R4,R4,YaleYCGA_RQ6214,,292,4,A,4,Glu-T4-X6,X6,1,Glucose,0.07,4
S293_R4,R4,YaleYCGA_RQ6214,,293,4,A,5,Glu-T5-X6,X6,1,Glucose,0.07,5
S294_R4,R4,YaleYCGA_RQ6214,,294,4,A,6,Glu-T6-X6,X6,1,Glucose,0.07,6
S295_R4,R4,YaleYCGA_RQ6214,,295,4,A,7,Glu-T7-X6,X6,1,Glucose,0.07,7
S296_R4,R4,YaleYCGA_RQ6214,,296,4,A,8,Glu-T8-X6,X6,1,Glucose,0.07,8
S297_R4,R4,YaleYCGA_RQ6214,,297,4,A,9,Glu-T9-X6,X6,1,Glucose,0.07,9
S298_R4,R4,YaleYCGA_RQ6214,,298,4,A,10,Glu-T10-X6,X6,1,Glucose,0.07,10
S299_R4,R4,YaleYCGA_RQ6214,,299,4,A,11,Glu-T11-X6,X6,1,Glucose,0.07,11
S300_R4,R4,YaleYCGA_RQ6214,,300,4,A,12,Glu-T11-X6,X6,7,Glucose,0.07,11
S301_R4,R4,YaleYCGA_RQ6214,,301,4,B,1,Glu-T1-X6,X6,2,Glucose,0.07,1
S302_R4,R4,YaleYCGA_RQ6214,,302,4,B,2,Glu-T2-X6,X6,2,Glucose,0.07,2
S303_R4,R4,YaleYCGA_RQ6214,,303,4,B,3,Glu-T3-X6,X6,2,Glucose,0.07,3
S304_R4,R4,YaleYCGA_RQ6214,,304,4,B,4,Glu-T4-X6,X6,2,Glucose,0.07,4
S305_R4,R4,YaleYCGA_RQ6214,,305,4,B,5,Glu-T5-X6,X6,2,Glucose,0.07,5
S306_R4,R4,YaleYCGA_RQ6214,,306,4,B,6,Glu-T6-X6,X6,2,Glucose,0.07,6
S307_R4,R4,YaleYCGA_RQ6214,,307,4,B,7,Glu-T7-X6,X6,2,Glucose,0.07,7
S308_R4,R4,YaleYCGA_RQ6214,,308,4,B,8,Glu-T8-X6,X6,2,Glucose,0.07,8
S309_R4,R4,YaleYCGA_RQ6214,,309,4,B,9,Glu-T9-X6,X6,2,Glucose,0.07,9
S310_R4,R4,YaleYCGA_RQ6214,,310,4,B,10,Glu-T10-X6,X6,2,Glucose,0.07,10
S311_R4,R4,YaleYCGA_RQ6214,,311,4,B,11,Glu-T11-X6,X6,2,Glucose,0.07,11
S312_R4,R4,YaleYCGA_RQ6214,,312,4,B,12,Glu-T11-X6,X6,8,Glucose,0.07,11
S313_R4,R4,YaleYCGA_RQ6214,,313,4,C,1,Glu-T1-X6,X6,3,Glucose,0.07,1
S314_R4,R4,YaleYCGA_RQ6214,,314,4,C,2,Glu-T2-X6,X6,3,Glucose,0.07,2
S315_R4,R4,YaleYCGA_RQ6214,,315,4,C,3,Glu-T3-X6,X6,3,Glucose,0.07,3
S316_R4,R4,YaleYCGA_RQ6214,,316,4,C,4,Glu-T4-X6,X6,3,Glucose,0.07,4
S317_R4,R4,YaleYCGA_RQ6214,,317,4,C,5,Glu-T5-X6,X6,3,Glucose,0.07,5
S318_R4,R4,YaleYCGA_RQ6214,,318,4,C,6,Glu-T6-X6,X6,3,Glucose,0.07,6
S319_R4,R4,YaleYCGA_RQ6214,,319,4,C,7,Glu-T7-X6,X6,3,Glucose,0.07,7
S320_R4,R4,YaleYCGA_RQ6214,,320,4,C,8,Glu-T8-X6,X6,3,Glucose,0.07,8
S321_R4,R4,YaleYCGA_RQ6214,,321,4,C,9,Glu-T9-X6,X6,3,Glucose,0.07,9
S322_R4,R4,YaleYCGA_RQ6214,,322,4,C,10,Glu-T10-X6,X6,3,Glucose,0.07,10
S323_R4,R4,YaleYCGA_RQ6214,,323,4,C,11,Glu-T11-X6,X6,3,Glucose,0.07,11
S325_R4,R4,YaleYCGA_RQ6214,,325,4,D,1,Glu-T1-X6,X6,4,Glucose,0.07,1
S326_R4,R4,YaleYCGA_RQ6214,,326,4,D,2,Glu-T2-X6,X6,4,Glucose,0.07,2
S327_R4,R4,YaleYCGA_RQ6214,,327,4,D,3,Glu-T3-X6,X6,4,Glucose,0.07,3
S328_R4,R4,YaleYCGA_RQ6214,,328,4,D,4,Glu-T4-X6,X6,4,Glucose,0.07,4
S329_R4,R4,YaleYCGA_RQ6214,,329,4,D,5,Glu-T5-X6,X6,4,Glucose,0.07,5
S330_R4,R4,YaleYCGA_RQ6214,,330,4,D,6,Glu-T6-X6,X6,4,Glucose,0.07,6
S331_R4,R4,YaleYCGA_RQ6214,,331,4,D,7,Glu-T7-X6,X6,4,Glucose,0.07,7
S332_R4,R4,YaleYCGA_RQ6214,,332,4,D,8,Glu-T8-X6,X6,4,Glucose,0.07,8
S333_R4,R4,YaleYCGA_RQ6214,,333,4,D,9,Glu-T9-X6,X6,4,Glucose,0.07,9
S334_R4,R4,YaleYCGA_RQ6214,,334,4,D,10,Glu-T10-X6,X6,4,Glucose,0.07,10
S335_R4,R4,YaleYCGA_RQ6214,,335,4,D,11,Glu-T11-X6,X6,4,Glucose,0.07,11
S337_R4,R4,YaleYCGA_RQ6214,,337,4,E,1,Glu-T1-X6,X6,5,Glucose,0.07,1
S338_R4,R4,YaleYCGA_RQ6214,,338,4,E,2,Glu-T2-X6,X6,5,Glucose,0.07,2
S339_R4,R4,YaleYCGA_RQ6214,,339,4,E,3,Glu-T3-X6,X6,5,Glucose,0.07,3
S340_R4,R4,YaleYCGA_RQ6214,,340,4,E,4,Glu-T4-X6,X6,5,Glucose,0.07,4
S341_R4,R4,YaleYCGA_RQ6214,,341,4,E,5,Glu-T5-X6,X6,5,Glucose,0.07,5
S342_R4,R4,YaleYCGA_RQ6214,,342,4,E,6,Glu-T6-X6,X6,5,Glucose,0.07,6
S343_R4,R4,YaleYCGA_RQ6214,,343,4,E,7,Glu-T7-X6,X6,5,Glucose,0.07,7
S344_R4,R4,YaleYCGA_RQ6214,,344,4,E,8,Glu-T8-X6,X6,5,Glucose,0.07,8
S345_R4,R4,YaleYCGA_RQ6214,,345,4,E,9,Glu-T9-X6,X6,5,Glucose,0.07,9
S346_R4,R4,YaleYCGA_RQ6214,,346,4,E,10,Glu-T10-X6,X6,5,Glucose,0.07,10
S347_R4,R4,YaleYCGA_RQ6214,,347,4,E,11,Glu-T11-X6,X6,5,Glucose,0.07,11
S349_R4,R4,YaleYCGA_RQ6214,,349,4,F,1,Glu-T1-X6,X6,6,Glucose,0.07,1
S350_R4,R4,YaleYCGA_RQ6214,,350,4,F,2,Glu-T2-X6,X6,6,Glucose,0.07,2
S351_R4,R4,YaleYCGA_RQ6214,,351,4,F,3,Glu-T3-X6,X6,6,Glucose,0.07,3
S352_R4,R4,YaleYCGA_RQ6214,,352,4,F,4,Glu-T4-X6,X6,6,Glucose,0.07,4
S353_R4,R4,YaleYCGA_RQ6214,,353,4,F,5,Glu-T5-X6,X6,6,Glucose,0.07,5
S354_R4,R4,YaleYCGA_RQ6214,,354,4,F,6,Glu-T6-X6,X6,6,Glucose,0.07,6
S355_R4,R4,YaleYCGA_RQ6214,,355,4,F,7,Glu-T7-X6,X6,6,Glucose,0.07,7
S356_R4,R4,YaleYCGA_RQ6214,,356,4,F,8,Glu-T8-X6,X6,6,Glucose,0.07,8
S357_R4,R4,YaleYCGA_RQ6214,,357,4,F,9,Glu-T9-X6,X6,6,Glucose,0.07,9
S358_R4,R4,YaleYCGA_RQ6214,,358,4,F,10,Glu-T10-X6,X6,6,Glucose,0.07,10
S359_R4,R4,YaleYCGA_RQ6214,,359,4,F,11,Glu-T11-X6,X6,6,Glucose,0.07,11
S361_R4,R4,YaleYCGA_RQ6214,,361,4,G,1,Glu-T1-X6,X6,7,Glucose,0.07,1
S362_R4,R4,YaleYCGA_RQ6214,,362,4,G,2,Glu-T2-X6,X6,7,Glucose,0.07,2
S363_R4,R4,YaleYCGA_RQ6214,,363,4,G,3,Glu-T3-X6,X6,7,Glucose,0.07,3
S364_R4,R4,YaleYCGA_RQ6214,,364,4,G,4,Glu-T4-X6,X6,7,Glucose,0.07,4
S365_R4,R4,YaleYCGA_RQ6214,,365,4,G,5,Glu-T5-X6,X6,7,Glucose,0.07,5
S366_R4,R4,YaleYCGA_RQ6214,,366,4,G,6,Glu-T6-X6,X6,7,Glucose,0.07,6
S367_R4,R4,YaleYCGA_RQ6214,,367,4,G,7,Glu-T7-X6,X6,7,Glucose,0.07,7
S368_R4,R4,YaleYCGA_RQ6214,,368,4,G,8,Glu-T8-X6,X6,7,Glucose,0.07,8
S369_R4,R4,YaleYCGA_RQ6214,,369,4,G,9,Glu-T9-X6,X6,7,Glucose,0.07,9
S370_R4,R4,YaleYCGA_RQ6214,,370,4,G,10,Glu-T10-X6,X6,7,Glucose,0.07,10
S373_R4,R4,YaleYCGA_RQ6214,,373,4,H,1,Glu-T1-X6,X6,8,Glucose,0.07,1
S374_R4,R4,YaleYCGA_RQ6214,,374,4,H,2,Glu-T2-X6,X6,8,Glucose,0.07,2
S375_R4,R4,YaleYCGA_RQ6214,,375,4,H,3,Glu-T3-X6,X6,8,Glucose,0.07,3
S376_R4,R4,YaleYCGA_RQ6214,,376,4,H,4,Glu-T4-X6,X6,8,Glucose,0.07,4
S377_R4,R4,YaleYCGA_RQ6214,,377,4,H,5,Glu-T5-X6,X6,8,Glucose,0.07,5
S378_R4,R4,YaleYCGA_RQ6214,,378,4,H,6,Glu-T6-X6,X6,8,Glucose,0.07,6
S379_R4,R4,YaleYCGA_RQ6214,,379,4,H,7,Glu-T7-X6,X6,8,Glucose,0.07,7
S380_R4,R4,YaleYCGA_RQ6214,,380,4,H,8,Glu-T8-X6,X6,8,Glucose,0.07,8
S381_R4,R4,YaleYCGA_RQ6214,,381,4,H,9,Glu-T9-X6,X6,8,Glucose,0.07,9
S382_R4,R4,YaleYCGA_RQ6214,,382,4,H,10,Glu-T10-X6,X6,8,Glucose,0.07,10
S193_R3,R3,YaleYCGA_RQ6212,,193,3,A,1,Glu-T1-X1,X1,4,Glucose,0.07,1
S194_R3,R3,YaleYCGA_RQ6212,,194,3,A,2,Glu-T1-X3,X3,4,Glucose,0.07,1
S195_R3,R3,YaleYCGA_RQ6212,,195,3,A,3,Glu-T1-X4,X4,4,Glucose,0.07,1
S196_R3,R3,YaleYCGA_RQ6212,,196,3,A,4,Glu-T1-X5,X5,4,Glucose,0.07,1
S197_R3,R3,YaleYCGA_RQ6212,,197,3,A,5,Glu-T1-X7,X7,4,Glucose,0.07,1
S198_R3,R3,YaleYCGA_RQ6212,,198,3,A,6,Glu-T1-X8,X8,4,Glucose,0.07,1
S199_R3,R3,YaleYCGA_RQ6212,,199,3,A,7,Glu-T1-X9,X9,4,Glucose,0.07,1
S200_R3,R3,YaleYCGA_RQ6212,,200,3,A,8,Glu-T1-X10,X10,4,Glucose,0.07,1
S201_R3,R3,YaleYCGA_RQ6212,,201,3,A,9,Glu-T1-X11,X11,4,Glucose,0.07,1
S202_R3,R3,YaleYCGA_RQ6212,,202,3,A,10,Glu-T1-X12,X12,4,Glucose,0.07,1
S203_R3,R3,YaleYCGA_RQ6212,,203,3,A,11,Original-T0-X1,X1,NaN,NA,NaN,0
S204_R3,R3,YaleYCGA_RQ6212,,204,3,A,12,Original-T0-X7,X7,NaN,NA,NaN,0
S205_R3,R3,YaleYCGA_RQ6212,,205,3,B,1,Glu-T2-X1,X1,4,Glucose,0.07,2
S206_R3,R3,YaleYCGA_RQ6212,,206,3,B,2,Glu-T2-X3,X3,4,Glucose,0.07,2
S207_R3,R3,YaleYCGA_RQ6212,,207,3,B,3,Glu-T2-X4,X4,4,Glucose,0.07,2
S208_R3,R3,YaleYCGA_RQ6212,,208,3,B,4,Glu-T2-X5,X5,4,Glucose,0.07,2
S209_R3,R3,YaleYCGA_RQ6212,,209,3,B,5,Glu-T2-X7,X7,4,Glucose,0.07,2
S210_R3,R3,YaleYCGA_RQ6212,,210,3,B,6,Glu-T2-X8,X8,4,Glucose,0.07,2
S211_R3,R3,YaleYCGA_RQ6212,,211,3,B,7,Glu-T2-X9,X9,4,Glucose,0.07,2
S212_R3,R3,YaleYCGA_RQ6212,,212,3,B,8,Glu-T2-X10,X10,4,Glucose,0.07,2
S213_R3,R3,YaleYCGA_RQ6212,,213,3,B,9,Glu-T2-X11,X11,4,Glucose,0.07,2
S214_R3,R3,YaleYCGA_RQ6212,,214,3,B,10,Glu-T2-X12,X12,4,Glucose,0.07,2
S215_R3,R3,YaleYCGA_RQ6212,,215,3,B,11,Original-T0-X2,X2,NaN,NA,NaN,0
S216_R3,R3,YaleYCGA_RQ6212,,216,3,B,12,Original-T0-X8,X8,NaN,NA,NaN,0
S217_R3,R3,YaleYCGA_RQ6212,,217,3,C,1,Glu-T3-X1,X1,4,Glucose,0.07,3
S218_R3,R3,YaleYCGA_RQ6212,,218,3,C,2,Glu-T3-X3,X3,4,Glucose,0.07,3
S219_R3,R3,YaleYCGA_RQ6212,,219,3,C,3,Glu-T3-X4,X4,4,Glucose,0.07,3
S220_R3,R3,YaleYCGA_RQ6212,,220,3,C,4,Glu-T3-X5,X5,4,Glucose,0.07,3
S221_R3,R3,YaleYCGA_RQ6212,,221,3,C,5,Glu-T3-X7,X7,4,Glucose,0.07,3
S222_R3,R3,YaleYCGA_RQ6212,,222,3,C,6,Glu-T3-X8,X8,4,Glucose,0.07,3
S223_R3,R3,YaleYCGA_RQ6212,,223,3,C,7,Glu-T3-X9,X9,4,Glucose,0.07,3
S224_R3,R3,YaleYCGA_RQ6212,,224,3,C,8,Glu-T3-X10,X10,4,Glucose,0.07,3
S225_R3,R3,YaleYCGA_RQ6212,,225,3,C,9,Glu-T3-X11,X11,4,Glucose,0.07,3
S226_R3,R3,YaleYCGA_RQ6212,,226,3,C,10,Glu-T3-X12,X12,4,Glucose,0.07,3
S227_R3,R3,YaleYCGA_RQ6212,,227,3,C,11,Original-T0-X3,X3,NaN,NA,NaN,0
S228_R3,R3,YaleYCGA_RQ6212,,228,3,C,12,Original-T0-X9,X9,NaN,NA,NaN,0
S229_R3,R3,YaleYCGA_RQ6212,,229,3,D,1,Glu-T4-X1,X1,4,Glucose,0.07,4
S230_R3,R3,YaleYCGA_RQ6212,,230,3,D,2,Glu-T4-X3,X3,4,Glucose,0.07,4
S231_R3,R3,YaleYCGA_RQ6212,,231,3,D,3,Glu-T4-X4,X4,4,Glucose,0.07,4
S232_R3,R3,YaleYCGA_RQ6212,,232,3,D,4,Glu-T4-X5,X5,4,Glucose,0.07,4
S233_R3,R3,YaleYCGA_RQ6212,,233,3,D,5,Glu-T4-X7,X7,4,Glucose,0.07,4
S234_R3,R3,YaleYCGA_RQ6212,,234,3,D,6,Glu-T4-X8,X8,4,Glucose,0.07,4
S235_R3,R3,YaleYCGA_RQ6212,,235,3,D,7,Glu-T4-X9,X9,4,Glucose,0.07,4
S236_R3,R3,YaleYCGA_RQ6212,,236,3,D,8,Glu-T4-X10,X10,4,Glucose,0.07,4
S237_R3,R3,YaleYCGA_RQ6212,,237,3,D,9,Glu-T4-X11,X11,4,Glucose,0.07,4
S238_R3,R3,YaleYCGA_RQ6212,,238,3,D,10,Glu-T4-X12,X12,4,Glucose,0.07,4
S239_R3,R3,YaleYCGA_RQ6212,,239,3,D,11,Original-T0-X4,X4,NaN,NA,NaN,0
S240_R3,R3,YaleYCGA_RQ6212,,240,3,D,12,Original-T0-X10,X10,NaN,NA,NaN,0
S241_R3,R3,YaleYCGA_RQ6212,,241,3,E,1,Glu-T5-X1,X1,4,Glucose,0.07,5
S242_R3,R3,YaleYCGA_RQ6212,,242,3,E,2,Glu-T5-X3,X3,4,Glucose,0.07,5
S243_R3,R3,YaleYCGA_RQ6212,,243,3,E,3,Glu-T5-X4,X4,4,Glucose,0.07,5
S244_R3,R3,YaleYCGA_RQ6212,,244,3,E,4,Glu-T5-X5,X5,4,Glucose,0.07,5
S245_R3,R3,YaleYCGA_RQ6212,,245,3,E,5,Glu-T5-X7,X7,4,Glucose,0.07,5
S246_R3,R3,YaleYCGA_RQ6212,,246,3,E,6,Glu-T5-X8,X8,4,Glucose,0.07,5
S247_R3,R3,YaleYCGA_RQ6212,,247,3,E,7,Glu-T5-X9,X9,4,Glucose,0.07,5
S248_R3,R3,YaleYCGA_RQ6212,,248,3,E,8,Glu-T5-X10,X10,4,Glucose,0.07,5
S249_R3,R3,YaleYCGA_RQ6212,,249,3,E,9,Glu-T5-X11,X11,4,Glucose,0.07,5
S250_R3,R3,YaleYCGA_RQ6212,,250,3,E,10,Glu-T5-X12,X12,4,Glucose,0.07,5
S251_R3,R3,YaleYCGA_RQ6212,,251,3,E,11,Original-T0-X5,X5,NaN,NA,NaN,0
S253_R3,R3,YaleYCGA_RQ6212,,253,3,F,1,Glu-T6-X1,X1,4,Glucose,0.07,6
S254_R3,R3,YaleYCGA_RQ6212,,254,3,F,2,Glu-T6-X3,X3,4,Glucose,0.07,6
S255_R3,R3,YaleYCGA_RQ6212,,255,3,F,3,Glu-T6-X4,X4,4,Glucose,0.07,6
S256_R3,R3,YaleYCGA_RQ6212,,256,3,F,4,Glu-T6-X5,X5,4,Glucose,0.07,6
S257_R3,R3,YaleYCGA_RQ6212,,257,3,F,5,Glu-T6-X7,X7,4,Glucose,0.07,6
S258_R3,R3,YaleYCGA_RQ6212,,258,3,F,6,Glu-T6-X8,X8,4,Glucose,0.07,6
S259_R3,R3,YaleYCGA_RQ6212,,259,3,F,7,Glu-T6-X9,X9,4,Glucose,0.07,6
S260_R3,R3,YaleYCGA_RQ6212,,260,3,F,8,Glu-T6-X10,X10,4,Glucose,0.07,6
S261_R3,R3,YaleYCGA_RQ6212,,261,3,F,9,Glu-T6-X11,X11,4,Glucose,0.07,6
S262_R3,R3,YaleYCGA_RQ6212,,262,3,F,10,Glu-T6-X12,X12,4,Glucose,0.07,6
S263_R3,R3,YaleYCGA_RQ6212,,263,3,F,11,Original-T0-X6,X6,NaN,NA,NaN,0
S264_R3,R3,YaleYCGA_RQ6212,,264,3,F,12,Original-T0-X12,X12,NaN,NA,NaN,0
S265_R3,R3,YaleYCGA_RQ6212,,265,3,G,1,Glu-T7-X1,X1,4,Glucose,0.07,7
S266_R3,R3,YaleYCGA_RQ6212,,266,3,G,2,Glu-T7-X3,X3,4,Glucose,0.07,7
S267_R3,R3,YaleYCGA_RQ6212,,267,3,G,3,Glu-T7-X4,X4,4,Glucose,0.07,7
S268_R3,R3,YaleYCGA_RQ6212,,268,3,G,4,Glu-T7-X5,X5,4,Glucose,0.07,7
S269_R3,R3,YaleYCGA_RQ6212,,269,3,G,5,Glu-T7-X7,X7,4,Glucose,0.07,7
S270_R3,R3,YaleYCGA_RQ6212,,270,3,G,6,Glu-T7-X8,X8,4,Glucose,0.07,7
S271_R3,R3,YaleYCGA_RQ6212,,271,3,G,7,Glu-T7-X9,X9,4,Glucose,0.07,7
S272_R3,R3,YaleYCGA_RQ6212,,272,3,G,8,Glu-T7-X10,X10,4,Glucose,0.07,7
S273_R3,R3,YaleYCGA_RQ6212,,273,3,G,9,Glu-T7-X11,X11,4,Glucose,0.07,7
S274_R3,R3,YaleYCGA_RQ6212,,274,3,G,10,Glu-T7-X12,X12,4,Glucose,0.07,7
S277_R3,R3,YaleYCGA_RQ6212,,277,3,H,1,Glu-T8-X1,X1,4,Glucose,0.07,8
S278_R3,R3,YaleYCGA_RQ6212,,278,3,H,2,Glu-T8-X3,X3,4,Glucose,0.07,8
S279_R3,R3,YaleYCGA_RQ6212,,279,3,H,3,Glu-T8-X4,X4,4,Glucose,0.07,8
S280_R3,R3,YaleYCGA_RQ6212,,280,3,H,4,Glu-T8-X5,X5,4,Glucose,0.07,8
S281_R3,R3,YaleYCGA_RQ6212,,281,3,H,5,Glu-T8-X7,X7,4,Glucose,0.07,8
S282_R3,R3,YaleYCGA_RQ6212,,282,3,H,6,Glu-T8-X8,X8,4,Glucose,0.07,8
S283_R3,R3,YaleYCGA_RQ6212,,283,3,H,7,Glu-T8-X9,X9,4,Glucose,0.07,8
S284_R3,R3,YaleYCGA_RQ6212,,284,3,H,8,Glu-T8-X10,X10,4,Glucose,0.07,8
S285_R3,R3,YaleYCGA_RQ6212,,285,3,H,9,Glu-T8-X11,X11,4,Glucose,0.07,8
S286_R3,R3,YaleYCGA_RQ6212,,286,3,H,10,Glu-T8-X12,X12,4,Glucose,0.07,8
